,X.SampleID,BarcodeSequence,LinkerPrimerSequence,ReversePrimer,fastqFile,Time,Time2,Time3,Treatment,OriginalName,Treatment2,Description,BPA,BPS,TCC,TCS
I0BEC001,I0BEC001,NA,GTGYCAGCMGCCGCGGTA,CCGYCAATTYMTTTRAGTTT,"raw.split.I0BEC001.1.fq,raw.split.I0BEC001.2.fq",I0,20170602,0,Origin,0D_1,Origin,Microcosm,0,0,0,0
I0BEC002,I0BEC002,NA,GTGYCAGCMGCCGCGGTA,CCGYCAATTYMTTTRAGTTT,"raw.split.I0BEC002.1.fq,raw.split.I0BEC002.2.fq",I0,20170602,0,Origin,0D_2,Origin,Microcosm,0,0,0,0
I0BEC003,I0BEC003,NA,GTGYCAGCMGCCGCGGTA,CCGYCAATTYMTTTRAGTTT,"raw.split.I0BEC003.1.fq,raw.split.I0BEC003.2.fq",I0,20170602,0,Origin,0D_3,Origin,Microcosm,0,0,0,0
I1BEC001,I1BEC001,NA,GTGYCAGCMGCCGCGGTA,CCGYCAATTYMTTTRAGTTT,"raw.split.I1BEC001.1.fq,raw.split.I1BEC001.2.fq",I1,20170607,5,BEC,I1_BEC1,BEC_I1,Microcosm,0,0,0,0
I1BEC002,I1BEC002,NA,GTGYCAGCMGCCGCGGTA,CCGYCAATTYMTTTRAGTTT,"raw.split.I1BEC002.1.fq,raw.split.I1BEC002.2.fq",I1,20170607,5,BEC,I1_BEC2,BEC_I1,Microcosm,0,0,0,0
I1BEC003,I1BEC003,NA,GTGYCAGCMGCCGCGGTA,CCGYCAATTYMTTTRAGTTT,"raw.split.I1BEC003.1.fq,raw.split.I1BEC003.2.fq",I1,20170607,5,BEC,I1_BEC3,BEC_I1,Microcosm,0,0,0,0
I1BPA001,I1BPA001,NA,GTGYCAGCMGCCGCGGTA,CCGYCAATTYMTTTRAGTTT,"raw.split.I1BPA001.1.fq,raw.split.I1BPA001.2.fq",I1,20170607,5,BPA,I1_BPA1,BPA_I1,Microcosm,79.4661191,0,0,0
I1BPA002,I1BPA002,NA,GTGYCAGCMGCCGCGGTA,CCGYCAATTYMTTTRAGTTT,"raw.split.I1BPA002.1.fq,raw.split.I1BPA002.2.fq",I1,20170607,5,BPA,I1_BPA2,BPA_I1,Microcosm,70.09868421,0,0,0
I1BPA003,I1BPA003,NA,GTGYCAGCMGCCGCGGTA,CCGYCAATTYMTTTRAGTTT,"raw.split.I1BPA003.1.fq,raw.split.I1BPA003.2.fq",I1,20170607,5,BPA,I1_BPA3,BPA_I1,Microcosm,88.39393939,0,0,0
I1TCS001,I1TCS001,NA,GTGYCAGCMGCCGCGGTA,CCGYCAATTYMTTTRAGTTT,"raw.split.I1TCS001.1.fq,raw.split.I1TCS001.2.fq",I1,20170607,5,TCS,I1_TCS1,TCS_I1,Microcosm,0,0,0,56.03674541
I1TCS002,I1TCS002,NA,GTGYCAGCMGCCGCGGTA,CCGYCAATTYMTTTRAGTTT,"raw.split.I1TCS002.1.fq,raw.split.I1TCS002.2.fq",I1,20170607,5,TCS,I1_TCS2,TCS_I1,Microcosm,0,0,0,61.47540984
I1TCS003,I1TCS003,NA,GTGYCAGCMGCCGCGGTA,CCGYCAATTYMTTTRAGTTT,"raw.split.I1TCS003.1.fq,raw.split.I1TCS003.2.fq",I1,20170607,5,TCS,I1_TCS3,TCS_I1,Microcosm,0,0,0,59.67016492
I01MI001,I01MI001,NA,GTGYCAGCMGCCGCGGTA,CCGYCAATTYMTTTRAGTTT,"raw.split.I01MI001.1.fq,raw.split.I01MI001.2.fq",I1,20170607,5,MI,I1_MI1,MI_I1,Microcosm,25.13417323,0,0,17.72575251
I01MI002,I01MI002,NA,GTGYCAGCMGCCGCGGTA,CCGYCAATTYMTTTRAGTTT,"raw.split.I01MI002.1.fq,raw.split.I01MI002.2.fq",I1,20170607,5,MI,I1_MI2,MI_I1,Microcosm,21.00347826,0,0,25.52783109
I01MI003,I01MI003,NA,GTGYCAGCMGCCGCGGTA,CCGYCAATTYMTTTRAGTTT,"raw.split.I01MI003.1.fq,raw.split.I01MI003.2.fq",I1,20170607,5,MI,I1_MI3,MI_I1,Microcosm,0,0,0,40.92436975
I1MII001,I1MII001,NA,GTGYCAGCMGCCGCGGTA,CCGYCAATTYMTTTRAGTTT,"raw.split.I1MII001.1.fq,raw.split.I1MII001.2.fq",I1,20170607,5,MII,I1_MII1,MII_I1,Microcosm,37.09509434,1.683029453,58.66834171,24.43946188
I1MII002,I1MII002,NA,GTGYCAGCMGCCGCGGTA,CCGYCAATTYMTTTRAGTTT,"raw.split.I1MII002.1.fq,raw.split.I1MII002.2.fq",I1,20170607,5,MII,I1_MII2,MII_I1,Microcosm,51.49,0,9.908256881,37.91267306
I1MII003,I1MII003,NA,GTGYCAGCMGCCGCGGTA,CCGYCAATTYMTTTRAGTTT,"raw.split.I1MII003.1.fq,raw.split.I1MII003.2.fq",I1,20170607,5,MII,I1_MII3,MII_I1,Microcosm,42.88,7.623762376,5.882352941,0
I3BEC001,I3BEC001,NA,GTGYCAGCMGCCGCGGTA,CCGYCAATTYMTTTRAGTTT,"raw.split.I3BEC001.1.fq,raw.split.I3BEC001.2.fq",I3,20170617,15,BEC,I3_BEC1,BEC_I3,Microcosm,0,0,0,0
I3BEC002,I3BEC002,NA,GTGYCAGCMGCCGCGGTA,CCGYCAATTYMTTTRAGTTT,"raw.split.I3BEC002.1.fq,raw.split.I3BEC002.2.fq",I3,20170617,15,BEC,I3_BEC2,BEC_I3,Microcosm,0,0,0,0
I3BEC003,I3BEC003,NA,GTGYCAGCMGCCGCGGTA,CCGYCAATTYMTTTRAGTTT,"raw.split.I3BEC003.1.fq,raw.split.I3BEC003.2.fq",I3,20170617,15,BEC,I3_BEC3,BEC_I3,Microcosm,0,0,0,0
I3BPA001,I3BPA001,NA,GTGYCAGCMGCCGCGGTA,CCGYCAATTYMTTTRAGTTT,"raw.split.I3BPA001.1.fq,raw.split.I3BPA001.2.fq",I3,20170617,15,BPA,I3_BPA1,BPA_I3,Microcosm,100,0,0,0
I3BPA002,I3BPA002,NA,GTGYCAGCMGCCGCGGTA,CCGYCAATTYMTTTRAGTTT,"raw.split.I3BPA002.1.fq,raw.split.I3BPA002.2.fq",I3,20170617,15,BPA,I3_BPA2,BPA_I3,Microcosm,100,0,0,0
I3BPA003,I3BPA003,NA,GTGYCAGCMGCCGCGGTA,CCGYCAATTYMTTTRAGTTT,"raw.split.I3BPA003.1.fq,raw.split.I3BPA003.2.fq",I3,20170617,15,BPA,I3_BPA3,BPA_I3,Microcosm,100,0,0,0
I3TCS001,I3TCS001,NA,GTGYCAGCMGCCGCGGTA,CCGYCAATTYMTTTRAGTTT,"raw.split.I3TCS001.1.fq,raw.split.I3TCS001.2.fq",I3,20170617,15,TCS,I3_TCS1,TCS_I3,Microcosm,0,0,0,0
I3TCS002,I3TCS002,NA,GTGYCAGCMGCCGCGGTA,CCGYCAATTYMTTTRAGTTT,"raw.split.I3TCS002.1.fq,raw.split.I3TCS002.2.fq",I3,20170617,15,TCS,I3_TCS2,TCS_I3,Microcosm,0,0,0,0
I3TCS003,I3TCS003,NA,GTGYCAGCMGCCGCGGTA,CCGYCAATTYMTTTRAGTTT,"raw.split.I3TCS003.1.fq,raw.split.I3TCS003.2.fq",I3,20170617,15,TCS,I3_TCS3,TCS_I3,Microcosm,0,0,0,6.126687435
I03MI001,I03MI001,NA,GTGYCAGCMGCCGCGGTA,CCGYCAATTYMTTTRAGTTT,"raw.split.I03MI001.1.fq,raw.split.I03MI001.2.fq",I3,20170617,15,MI,I3_MI1,MI_I3,Microcosm,14.51384615,0,0,0
I03MI002,I03MI002,NA,GTGYCAGCMGCCGCGGTA,CCGYCAATTYMTTTRAGTTT,"raw.split.I03MI002.1.fq,raw.split.I03MI002.2.fq",I3,20170617,15,MI,I3_MI2,MI_I3,Microcosm,32.968,0,0,0
I03MI003,I03MI003,NA,GTGYCAGCMGCCGCGGTA,CCGYCAATTYMTTTRAGTTT,"raw.split.I03MI003.1.fq,raw.split.I03MI003.2.fq",I3,20170617,15,MI,I3_MI3,MI_I3,Microcosm,0,0,0,0
I3MII001,I3MII001,NA,GTGYCAGCMGCCGCGGTA,CCGYCAATTYMTTTRAGTTT,"raw.split.I3MII001.1.fq,raw.split.I3MII001.2.fq",I3,20170617,15,MII,I3_MII1,MII_I3,Microcosm,32.968,20.96774194,21.58730159,0
I3MII002,I3MII002,NA,GTGYCAGCMGCCGCGGTA,CCGYCAATTYMTTTRAGTTT,"raw.split.I3MII002.1.fq,raw.split.I3MII002.2.fq",I3,20170617,15,MII,I3_MII2,MII_I3,Microcosm,99.28318814,10.63636364,14.05405405,13.38028169
I3MII003,I3MII003,NA,GTGYCAGCMGCCGCGGTA,CCGYCAATTYMTTTRAGTTT,"raw.split.I3MII003.1.fq,raw.split.I3MII003.2.fq",I3,20170617,15,MII,I3_MII3,MII_I3,Microcosm,99.3287,4.273504274,0,10.8776267
I5BEC001,I5BEC001,NA,GTGYCAGCMGCCGCGGTA,CCGYCAATTYMTTTRAGTTT,"raw.split.I5BEC001.1.fq,raw.split.I5BEC001.2.fq",I5,20170627,25,BEC,I5_BEC1,BEC_I5,Microcosm,0,0,0,0
I5BEC002,I5BEC002,NA,GTGYCAGCMGCCGCGGTA,CCGYCAATTYMTTTRAGTTT,"raw.split.I5BEC002.1.fq,raw.split.I5BEC002.2.fq",I5,20170627,25,BEC,I5_BEC2,BEC_I5,Microcosm,0,0,0,0
I5BEC003,I5BEC003,NA,GTGYCAGCMGCCGCGGTA,CCGYCAATTYMTTTRAGTTT,"raw.split.I5BEC003.1.fq,raw.split.I5BEC003.2.fq",I5,20170627,25,BEC,I5_BEC3,BEC_I5,Microcosm,0,0,0,0
I5BPA001,I5BPA001,NA,GTGYCAGCMGCCGCGGTA,CCGYCAATTYMTTTRAGTTT,"raw.split.I5BPA001.1.fq,raw.split.I5BPA001.2.fq",I5,20170627,25,BPA,I5_BPA1,BPA_I5,Microcosm,100,0,0,0
I5BPA002,I5BPA002,NA,GTGYCAGCMGCCGCGGTA,CCGYCAATTYMTTTRAGTTT,"raw.split.I5BPA002.1.fq,raw.split.I5BPA002.2.fq",I5,20170627,25,BPA,I5_BPA2,BPA_I5,Microcosm,100,0,0,0
I5BPA003,I5BPA003,NA,GTGYCAGCMGCCGCGGTA,CCGYCAATTYMTTTRAGTTT,"raw.split.I5BPA003.1.fq,raw.split.I5BPA003.2.fq",I5,20170627,25,BPA,I5_BPA3,BPA_I5,Microcosm,100,0,0,0
I5TCS001,I5TCS001,NA,GTGYCAGCMGCCGCGGTA,CCGYCAATTYMTTTRAGTTT,"raw.split.I5TCS001.1.fq,raw.split.I5TCS001.2.fq",I5,20170627,25,TCS,I5_TCS1,TCS_I5,Microcosm,0,0,0,17.5
I5TCS002,I5TCS002,NA,GTGYCAGCMGCCGCGGTA,CCGYCAATTYMTTTRAGTTT,"raw.split.I5TCS002.1.fq,raw.split.I5TCS002.2.fq",I5,20170627,25,TCS,I5_TCS2,TCS_I5,Microcosm,0,0,0,0
I5TCS003,I5TCS003,NA,GTGYCAGCMGCCGCGGTA,CCGYCAATTYMTTTRAGTTT,"raw.split.I5TCS003.1.fq,raw.split.I5TCS003.2.fq",I5,20170627,25,TCS,I5_TCS3,TCS_I5,Microcosm,0,0,0,34.76744186
I05MI001,I05MI001,NA,GTGYCAGCMGCCGCGGTA,CCGYCAATTYMTTTRAGTTT,"raw.split.I05MI001.1.fq,raw.split.I05MI001.2.fq",I5,20170627,25,MI,I5_MI1,MI_I5,Microcosm,NA,NA,NA,NA
I05MI002,I05MI002,NA,GTGYCAGCMGCCGCGGTA,CCGYCAATTYMTTTRAGTTT,"raw.split.I05MI002.1.fq,raw.split.I05MI002.2.fq",I5,20170627,25,MI,I5_MI2,MI_I5,Microcosm,0,0,0,25.70866142
I05MI003,I05MI003,NA,GTGYCAGCMGCCGCGGTA,CCGYCAATTYMTTTRAGTTT,"raw.split.I05MI003.1.fq,raw.split.I05MI003.2.fq",I5,20170627,25,MI,I5_MI3,MI_I5,Microcosm,0,0,0,34.25
I5MII001,I5MII001,NA,GTGYCAGCMGCCGCGGTA,CCGYCAATTYMTTTRAGTTT,"raw.split.I5MII001.1.fq,raw.split.I5MII001.2.fq",I5,20170627,25,MII,I5_MII1,MII_I5,Microcosm,NA,NA,NA,NA
I5MII002,I5MII002,NA,GTGYCAGCMGCCGCGGTA,CCGYCAATTYMTTTRAGTTT,"raw.split.I5MII002.1.fq,raw.split.I5MII002.2.fq",I5,20170627,25,MII,I5_MII2,MII_I5,Microcosm,97.93064552,0,7.765957447,20.30534351
I5MII003,I5MII003,NA,GTGYCAGCMGCCGCGGTA,CCGYCAATTYMTTTRAGTTT,"raw.split.I5MII003.1.fq,raw.split.I5MII003.2.fq",I5,20170627,25,MII,I5_MII3,MII_I5,Microcosm,96.68601471,0,0,0
I7BEC001,I7BEC001,NA,GTGYCAGCMGCCGCGGTA,CCGYCAATTYMTTTRAGTTT,"raw.split.I7BEC001.1.fq,raw.split.I7BEC001.2.fq",I7,20170707,35,BEC,I7_BEC1,BEC_I7,Microcosm,0,0,0,0
I7BEC002,I7BEC002,NA,GTGYCAGCMGCCGCGGTA,CCGYCAATTYMTTTRAGTTT,"raw.split.I7BEC002.1.fq,raw.split.I7BEC002.2.fq",I7,20170707,35,BEC,I7_BEC2,BEC_I7,Microcosm,0,0,0,0
I7BEC003,I7BEC003,NA,GTGYCAGCMGCCGCGGTA,CCGYCAATTYMTTTRAGTTT,"raw.split.I7BEC003.1.fq,raw.split.I7BEC003.2.fq",I7,20170707,35,BEC,I7_BEC3,BEC_I7,Microcosm,0,0,0,0
I7BPA001,I7BPA001,NA,GTGYCAGCMGCCGCGGTA,CCGYCAATTYMTTTRAGTTT,"raw.split.I7BPA001.1.fq,raw.split.I7BPA001.2.fq",I7,20170707,35,BPA,I7_BPA1,BPA_I7,Microcosm,100,0,0,0
I7BPA002,I7BPA002,NA,GTGYCAGCMGCCGCGGTA,CCGYCAATTYMTTTRAGTTT,"raw.split.I7BPA002.1.fq,raw.split.I7BPA002.2.fq",I7,20170707,35,BPA,I7_BPA2,BPA_I7,Microcosm,100,0,0,0
I7BPA003,I7BPA003,NA,GTGYCAGCMGCCGCGGTA,CCGYCAATTYMTTTRAGTTT,"raw.split.I7BPA003.1.fq,raw.split.I7BPA003.2.fq",I7,20170707,35,BPA,I7_BPA3,BPA_I7,Microcosm,100,0,0,0
I7TCS001,I7TCS001,NA,GTGYCAGCMGCCGCGGTA,CCGYCAATTYMTTTRAGTTT,"raw.split.I7TCS001.1.fq,raw.split.I7TCS001.2.fq",I7,20170707,35,TCS,I7_TCS1,TCS_I7,Microcosm,0,0,0,40.3960396
I7TCS002,I7TCS002,NA,GTGYCAGCMGCCGCGGTA,CCGYCAATTYMTTTRAGTTT,"raw.split.I7TCS002.1.fq,raw.split.I7TCS002.2.fq",I7,20170707,35,TCS,I7_TCS2,TCS_I7,Microcosm,0,0,0,13.55932203
I7TCS003,I7TCS003,NA,GTGYCAGCMGCCGCGGTA,CCGYCAATTYMTTTRAGTTT,"raw.split.I7TCS003.1.fq,raw.split.I7TCS003.2.fq",I7,20170707,35,TCS,I7_TCS3,TCS_I7,Microcosm,0,0,0,12.2681883
I07MI001,I07MI001,NA,GTGYCAGCMGCCGCGGTA,CCGYCAATTYMTTTRAGTTT,"raw.split.I07MI001.1.fq,raw.split.I07MI001.2.fq",I7,20170707,35,MI,I7_MI1,MI_I7,Microcosm,13.76,0,0,46.83698297
I07MI002,I07MI002,NA,GTGYCAGCMGCCGCGGTA,CCGYCAATTYMTTTRAGTTT,"raw.split.I07MI002.1.fq,raw.split.I07MI002.2.fq",I7,20170707,35,MI,I7_MI2,MI_I7,Microcosm,37.73230769,0,0,61.28440367
I07MI003,I07MI003,NA,GTGYCAGCMGCCGCGGTA,CCGYCAATTYMTTTRAGTTT,"raw.split.I07MI003.1.fq,raw.split.I07MI003.2.fq",I7,20170707,35,MI,I7_MI3,MI_I7,Microcosm,17.68,0,0,23.9047619
I7MII001,I7MII001,NA,GTGYCAGCMGCCGCGGTA,CCGYCAATTYMTTTRAGTTT,"raw.split.I7MII001.1.fq,raw.split.I7MII001.2.fq",I7,20170707,35,MII,I7_MII1,MII_I7,Microcosm,NA,NA,NA,NA
I7MII002,I7MII002,NA,GTGYCAGCMGCCGCGGTA,CCGYCAATTYMTTTRAGTTT,"raw.split.I7MII002.1.fq,raw.split.I7MII002.2.fq",I7,20170707,35,MII,I7_MII2,MII_I7,Microcosm,20.92947368,0,20,13.1147541
I7MII003,I7MII003,NA,GTGYCAGCMGCCGCGGTA,CCGYCAATTYMTTTRAGTTT,"raw.split.I7MII003.1.fq,raw.split.I7MII003.2.fq",I7,20170707,35,MII,I7_MII3,MII_I7,Microcosm,99.1302713,0,0,0
I2BEC001,I2BEC001,NA,GTGYCAGCMGCCGCGGTA,CCGYCAATTYMTTTRAGTTT,"raw.split.I2BEC001.1.fq,raw.split.I2BEC001.2.fq",I2,20170612,10,BEC,I2_BEC1,BEC_I2,Microcosm,0,0,0,0
I2BEC002,I2BEC002,NA,GTGYCAGCMGCCGCGGTA,CCGYCAATTYMTTTRAGTTT,"raw.split.I2BEC002.1.fq,raw.split.I2BEC002.2.fq",I2,20170612,10,BEC,I2_BEC2,BEC_I2,Microcosm,0,0,0,0
I2BEC003,I2BEC003,NA,GTGYCAGCMGCCGCGGTA,CCGYCAATTYMTTTRAGTTT,"raw.split.I2BEC003.1.fq,raw.split.I2BEC003.2.fq",I2,20170612,10,BEC,I2_BEC3,BEC_I2,Microcosm,0,0,0,0
I2BPA001,I2BPA001,NA,GTGYCAGCMGCCGCGGTA,CCGYCAATTYMTTTRAGTTT,"raw.split.I2BPA001.1.fq,raw.split.I2BPA001.2.fq",I2,20170612,10,BPA,I2_BPA1,BPA_I2,Microcosm,100,0,0,0
I2BPA002,I2BPA002,NA,GTGYCAGCMGCCGCGGTA,CCGYCAATTYMTTTRAGTTT,"raw.split.I2BPA002.1.fq,raw.split.I2BPA002.2.fq",I2,20170612,10,BPA,I2_BPA2,BPA_I2,Microcosm,100,0,0,0
I2BPA003,I2BPA003,NA,GTGYCAGCMGCCGCGGTA,CCGYCAATTYMTTTRAGTTT,"raw.split.I2BPA003.1.fq,raw.split.I2BPA003.2.fq",I2,20170612,10,BPA,I2_BPA3,BPA_I2,Microcosm,100,0,0,0
I2TCS001,I2TCS001,NA,GTGYCAGCMGCCGCGGTA,CCGYCAATTYMTTTRAGTTT,"raw.split.I2TCS001.1.fq,raw.split.I2TCS001.2.fq",I2,20170612,10,TCS,I2_TCS1,TCS_I2,Microcosm,0,0,0,36.11473272
I2TCS002,I2TCS002,NA,GTGYCAGCMGCCGCGGTA,CCGYCAATTYMTTTRAGTTT,"raw.split.I2TCS002.1.fq,raw.split.I2TCS002.2.fq",I2,20170612,10,TCS,I2_TCS2,TCS_I2,Microcosm,0,0,0,53.89048991
I2TCS003,I2TCS003,NA,GTGYCAGCMGCCGCGGTA,CCGYCAATTYMTTTRAGTTT,"raw.split.I2TCS003.1.fq,raw.split.I2TCS003.2.fq",I2,20170612,10,TCS,I2_TCS3,TCS_I2,Microcosm,0,0,0,8.71559633
I02MI001,I02MI001,NA,GTGYCAGCMGCCGCGGTA,CCGYCAATTYMTTTRAGTTT,"raw.split.I02MI001.1.fq,raw.split.I02MI001.2.fq",I2,20170612,10,MI,I2_MI1,MI_I2,Microcosm,18.61545455,0,0,22.23451327
I02MI002,I02MI002,NA,GTGYCAGCMGCCGCGGTA,CCGYCAATTYMTTTRAGTTT,"raw.split.I02MI002.1.fq,raw.split.I02MI002.2.fq",I2,20170612,10,MI,I2_MI2,MI_I2,Microcosm,39.80189386,0,0,35.68627451
I02MI003,I02MI003,NA,GTGYCAGCMGCCGCGGTA,CCGYCAATTYMTTTRAGTTT,"raw.split.I02MI003.1.fq,raw.split.I02MI003.2.fq",I2,20170612,10,MI,I2_MI3,MI_I2,Microcosm,0,0,0,17.00223714
I2MII001,I2MII001,NA,GTGYCAGCMGCCGCGGTA,CCGYCAATTYMTTTRAGTTT,"raw.split.I2MII001.1.fq,raw.split.I2MII001.2.fq",I2,20170612,10,MII,I2_MII1,MII_I2,Microcosm,27.88352941,0,0,29.5
I2MII002,I2MII002,NA,GTGYCAGCMGCCGCGGTA,CCGYCAATTYMTTTRAGTTT,"raw.split.I2MII002.1.fq,raw.split.I2MII002.2.fq",I2,20170612,10,MII,I2_MII2,MII_I2,Microcosm,99.54960703,0,0,0
I2MII003,I2MII003,NA,GTGYCAGCMGCCGCGGTA,CCGYCAATTYMTTTRAGTTT,"raw.split.I2MII003.1.fq,raw.split.I2MII003.2.fq",I2,20170612,10,MII,I2_MII3,MII_I2,Microcosm,98.75482353,5.64516129,14.70588235,27.90322581
I4BEC001,I4BEC001,NA,GTGYCAGCMGCCGCGGTA,CCGYCAATTYMTTTRAGTTT,"raw.split.I4BEC001.1.fq,raw.split.I4BEC001.2.fq",I4,20170622,20,BEC,I4_BEC1,BEC_I4,Microcosm,0,0,0,0
I4BEC002,I4BEC002,NA,GTGYCAGCMGCCGCGGTA,CCGYCAATTYMTTTRAGTTT,"raw.split.I4BEC002.1.fq,raw.split.I4BEC002.2.fq",I4,20170622,20,BEC,I4_BEC2,BEC_I4,Microcosm,0,0,0,0
I4BEC003,I4BEC003,NA,GTGYCAGCMGCCGCGGTA,CCGYCAATTYMTTTRAGTTT,"raw.split.I4BEC003.1.fq,raw.split.I4BEC003.2.fq",I4,20170622,20,BEC,I4_BEC3,BEC_I4,Microcosm,0,0,0,0
I4BPA001,I4BPA001,NA,GTGYCAGCMGCCGCGGTA,CCGYCAATTYMTTTRAGTTT,"raw.split.I4BPA001.1.fq,raw.split.I4BPA001.2.fq",I4,20170622,20,BPA,I4_BPA1,BPA_I4,Microcosm,98.78694158,0,0,0
I4BPA002,I4BPA002,NA,GTGYCAGCMGCCGCGGTA,CCGYCAATTYMTTTRAGTTT,"raw.split.I4BPA002.1.fq,raw.split.I4BPA002.2.fq",I4,20170622,20,BPA,I4_BPA2,BPA_I4,Microcosm,98.875,0,0,0
I4BPA003,I4BPA003,NA,GTGYCAGCMGCCGCGGTA,CCGYCAATTYMTTTRAGTTT,"raw.split.I4BPA003.1.fq,raw.split.I4BPA003.2.fq",I4,20170622,20,BPA,I4_BPA3,BPA_I4,Microcosm,98.02140673,0,0,0
I4TCS001,I4TCS001,NA,GTGYCAGCMGCCGCGGTA,CCGYCAATTYMTTTRAGTTT,"raw.split.I4TCS001.1.fq,raw.split.I4TCS001.2.fq",I4,20170622,20,TCS,I4_TCS1,TCS_I4,Microcosm,0,0,0,57.82051282
I4TCS002,I4TCS002,NA,GTGYCAGCMGCCGCGGTA,CCGYCAATTYMTTTRAGTTT,"raw.split.I4TCS002.1.fq,raw.split.I4TCS002.2.fq",I4,20170622,20,TCS,I4_TCS2,TCS_I4,Microcosm,0,0,0,0
I4TCS003,I4TCS003,NA,GTGYCAGCMGCCGCGGTA,CCGYCAATTYMTTTRAGTTT,"raw.split.I4TCS003.1.fq,raw.split.I4TCS003.2.fq",I4,20170622,20,TCS,I4_TCS3,TCS_I4,Microcosm,0,0,0,0
I04MI001,I04MI001,NA,GTGYCAGCMGCCGCGGTA,CCGYCAATTYMTTTRAGTTT,"raw.split.I04MI001.1.fq,raw.split.I04MI001.2.fq",I4,20170622,20,MI,I4_MI1,MI_I4,Microcosm,9.372477064,0,0,0
I04MI002,I04MI002,NA,GTGYCAGCMGCCGCGGTA,CCGYCAATTYMTTTRAGTTT,"raw.split.I04MI002.1.fq,raw.split.I04MI002.2.fq",I4,20170622,20,MI,I4_MI2,MI_I4,Microcosm,44.98966,0,0,51.35542169
I04MI003,I04MI003,NA,GTGYCAGCMGCCGCGGTA,CCGYCAATTYMTTTRAGTTT,"raw.split.I04MI003.1.fq,raw.split.I04MI003.2.fq",I4,20170622,20,MI,I4_MI3,MI_I4,Microcosm,0,0,0,45.99303136
I4MII001,I4MII001,NA,GTGYCAGCMGCCGCGGTA,CCGYCAATTYMTTTRAGTTT,"raw.split.I4MII001.1.fq,raw.split.I4MII001.2.fq",I4,20170622,20,MII,I4_MII1,MII_I4,Microcosm,0,3.232323232,2.069716776,0
I4MII002,I4MII002,NA,GTGYCAGCMGCCGCGGTA,CCGYCAATTYMTTTRAGTTT,"raw.split.I4MII002.1.fq,raw.split.I4MII002.2.fq",I4,20170622,20,MII,I4_MII2,MII_I4,Microcosm,98.96567942,29.90909091,0,0
I4MII003,I4MII003,NA,GTGYCAGCMGCCGCGGTA,CCGYCAATTYMTTTRAGTTT,"raw.split.I4MII003.1.fq,raw.split.I4MII003.2.fq",I4,20170622,20,MII,I4_MII3,MII_I4,Microcosm,99.49485455,22.5877193,23.10231023,0
I6BEC001,I6BEC001,NA,GTGYCAGCMGCCGCGGTA,CCGYCAATTYMTTTRAGTTT,"raw.split.I6BEC001.1.fq,raw.split.I6BEC001.2.fq",I6,20170702,30,BEC,I6_BEC1,BEC_I6,Microcosm,0,0,0,0
I6BEC002,I6BEC002,NA,GTGYCAGCMGCCGCGGTA,CCGYCAATTYMTTTRAGTTT,"raw.split.I6BEC002.1.fq,raw.split.I6BEC002.2.fq",I6,20170702,30,BEC,I6_BEC2,BEC_I6,Microcosm,0,0,0,0
I6BEC003,I6BEC003,NA,GTGYCAGCMGCCGCGGTA,CCGYCAATTYMTTTRAGTTT,"raw.split.I6BEC003.1.fq,raw.split.I6BEC003.2.fq",I6,20170702,30,BEC,I6_BEC3,BEC_I6,Microcosm,0,0,0,0
I6BPA001,I6BPA001,NA,GTGYCAGCMGCCGCGGTA,CCGYCAATTYMTTTRAGTTT,"raw.split.I6BPA001.1.fq,raw.split.I6BPA001.2.fq",I6,20170702,30,BPA,I6_BPA1,BPA_I6,Microcosm,100,0,0,0
I6BPA002,I6BPA002,NA,GTGYCAGCMGCCGCGGTA,CCGYCAATTYMTTTRAGTTT,"raw.split.I6BPA002.1.fq,raw.split.I6BPA002.2.fq",I6,20170702,30,BPA,I6_BPA2,BPA_I6,Microcosm,100,0,0,0
I6BPA003,I6BPA003,NA,GTGYCAGCMGCCGCGGTA,CCGYCAATTYMTTTRAGTTT,"raw.split.I6BPA003.1.fq,raw.split.I6BPA003.2.fq",I6,20170702,30,BPA,I6_BPA3,BPA_I6,Microcosm,100,0,0,0
I6TCS001,I6TCS001,NA,GTGYCAGCMGCCGCGGTA,CCGYCAATTYMTTTRAGTTT,"raw.split.I6TCS001.1.fq,raw.split.I6TCS001.2.fq",I6,20170702,30,TCS,I6_TCS1,TCS_I6,Microcosm,0,0,0,0
I6TCS002,I6TCS002,NA,GTGYCAGCMGCCGCGGTA,CCGYCAATTYMTTTRAGTTT,"raw.split.I6TCS002.1.fq,raw.split.I6TCS002.2.fq",I6,20170702,30,TCS,I6_TCS2,TCS_I6,Microcosm,0,0,0,0
I6TCS003,I6TCS003,NA,GTGYCAGCMGCCGCGGTA,CCGYCAATTYMTTTRAGTTT,"raw.split.I6TCS003.1.fq,raw.split.I6TCS003.2.fq",I6,20170702,30,TCS,I6_TCS3,TCS_I6,Microcosm,0,0,0,0
I06MI001,I06MI001,NA,GTGYCAGCMGCCGCGGTA,CCGYCAATTYMTTTRAGTTT,"raw.split.I06MI001.1.fq,raw.split.I06MI001.2.fq",I6,20170702,30,MI,I6_MI1,MI_I6,Microcosm,28.64045326,0,0,0
I06MI002,I06MI002,NA,GTGYCAGCMGCCGCGGTA,CCGYCAATTYMTTTRAGTTT,"raw.split.I06MI002.1.fq,raw.split.I06MI002.2.fq",I6,20170702,30,MI,I6_MI2,MI_I6,Microcosm,36.28115385,0,0,18.86559803
I06MI003,I06MI003,NA,GTGYCAGCMGCCGCGGTA,CCGYCAATTYMTTTRAGTTT,"raw.split.I06MI003.1.fq,raw.split.I06MI003.2.fq",I6,20170702,30,MI,I6_MI3,MI_I6,Microcosm,16.71315436,0,0,34.90759754
I6MII001,I6MII001,NA,GTGYCAGCMGCCGCGGTA,CCGYCAATTYMTTTRAGTTT,"raw.split.I6MII001.1.fq,raw.split.I6MII001.2.fq",I6,20170702,30,MII,I6_MII1,MII_I6,Microcosm,6.394193548,0,14.33566434,0
I6MII002,I6MII002,NA,GTGYCAGCMGCCGCGGTA,CCGYCAATTYMTTTRAGTTT,"raw.split.I6MII002.1.fq,raw.split.I6MII002.2.fq",I6,20170702,30,MII,I6_MII2,MII_I6,Microcosm,66.86092308,6.034482759,19.56782713,48.4439834
I6MII003,I6MII003,NA,GTGYCAGCMGCCGCGGTA,CCGYCAATTYMTTTRAGTTT,"raw.split.I6MII003.1.fq,raw.split.I6MII003.2.fq",I6,20170702,30,MII,I6_MII3,MII_I6,Microcosm,98.58463962,0,15.78431373,2.363367799
